ID,Title,Link,Scriptable,Statement,ScriptAvailable
Account.1,Security contact information should be provided for an AWS account,https://docs.aws.amazon.com/securityhub/latest/userguide/account-controls.html#account-1,Manual,"Take the contact information (name, email, adress,...) from the payer account (master account).  Loop through all the child accounts and if they do not have contact information filled out, set it to the same as the master account",FALSE
Account.2,AWS accounts should be part of an AWS Organizations organization,https://docs.aws.amazon.com/securityhub/latest/userguide/account-controls.html#account-2,Manual,"Ensure that the AWS account is  part of an AWS Organizations organization, otherwise ask for which org to join and then join it.",TRUE
ACM.1,Imported and ACM-issued certificates should be renewed after a specified time period,https://docs.aws.amazon.com/securityhub/latest/userguide/acm-controls.html#acm-1,Y,"Check all imported and ACM-issued certificates regularly, and renew them before they expire.",TRUE
APIGateway.1,API Gateway REST and WebSocket API execution logging should be enabled,https://docs.aws.amazon.com/securityhub/latest/userguide/apigateway-controls.html#apigateway-1,,,FALSE
APIGateway.2,API Gateway REST API stages should be configured to use SSL certificates for backend authentication,https://docs.aws.amazon.com/securityhub/latest/userguide/apigateway-controls.html#apigateway-2,,,FALSE
APIGateway.3,API Gateway REST API stages should have AWS X-Ray tracing enabled,https://docs.aws.amazon.com/securityhub/latest/userguide/apigateway-controls.html#apigateway-3,,,FALSE
APIGateway.4,API Gateway should be associated with a WAF Web ACL,https://docs.aws.amazon.com/securityhub/latest/userguide/apigateway-controls.html#apigateway-4,,,FALSE
APIGateway.5,API Gateway REST API cache data should be encrypted at rest,https://docs.aws.amazon.com/securityhub/latest/userguide/apigateway-controls.html#apigateway-5,Y,Review API Gateway REST API cache data and enable encryption at rest if needed.,TRUE
APIGateway.8,API Gateway routes should specify an authorization type,https://docs.aws.amazon.com/securityhub/latest/userguide/apigateway-controls.html#apigateway-8,,,FALSE
APIGateway.9,Access logging should be configured for API Gateway V2 Stages,https://docs.aws.amazon.com/securityhub/latest/userguide/apigateway-controls.html#apigateway-9,,,FALSE
AutoScaling.1,Auto Scaling groups associated with a Classic Load Balancer should use load balancer health checks,https://docs.aws.amazon.com/securityhub/latest/userguide/autoscaling-controls.html#autoscaling-1,,,FALSE
AutoScaling.2,Amazon EC2 Auto Scaling group should cover multiple Availability Zones,https://docs.aws.amazon.com/securityhub/latest/userguide/autoscaling-controls.html#autoscaling-2,,,FALSE
AutoScaling.3,Auto Scaling group launch configurations should configure EC2 instances to require Instance Metadata Service Version 2 (IMDSv2),https://docs.aws.amazon.com/securityhub/latest/userguide/autoscaling-controls.html#autoscaling-3,Y,Check Auto Scaling group launch configurations and modify to require EC2 instances to use IMDSv2.,TRUE
AutoScaling.4,Auto Scaling group launch configuration should not have a metadata response hop limit greater than 1,https://docs.aws.amazon.com/securityhub/latest/userguide/autoscaling-controls.html#autoscaling-4,Y,Review all Auto Scaling group launch configurations and set the metadata response hop limit to no greater than 1.,TRUE
Autoscaling.5,Amazon EC2 instances launched using Auto Scaling group launch configurations should not have Public IP addresses,https://docs.aws.amazon.com/securityhub/latest/userguide/autoscaling-controls.html#autoscaling-5,Y,Review Auto Scaling group launch configurations to ensure that Amazon EC2 instances do not have Public IP addresses.,TRUE
AutoScaling.6,Auto Scaling groups should use multiple instance types in multiple Availability Zones,https://docs.aws.amazon.com/securityhub/latest/userguide/autoscaling-controls.html#autoscaling-6,,,FALSE
AutoScaling.9,EC2 Auto Scaling groups should use EC2 launch templates,https://docs.aws.amazon.com/securityhub/latest/userguide/autoscaling-controls.html#autoscaling-9,,,FALSE
CloudFormation.1,CloudFormation stacks should be integrated with Simple Notification Service (SNS),https://docs.aws.amazon.com/securityhub/latest/userguide/cloudformation-controls.html#cloudformation-1,,,FALSE
CloudFront.1,CloudFront distributions should have a default root object configured,https://docs.aws.amazon.com/securityhub/latest/userguide/cloudfront-controls.html#cloudfront-1,,,FALSE
CloudFront.2,CloudFront distributions should have origin access identity enabled,https://docs.aws.amazon.com/securityhub/latest/userguide/cloudfront-controls.html#cloudfront-2,,,FALSE
CloudFront.3,CloudFront distributions should require encryption in transit,https://docs.aws.amazon.com/securityhub/latest/userguide/cloudfront-controls.html#cloudfront-3,,,FALSE
CloudFront.4,CloudFront distributions should have origin failover configured,https://docs.aws.amazon.com/securityhub/latest/userguide/cloudfront-controls.html#cloudfront-4,,,FALSE
CloudFront.5,CloudFront distributions should have logging enabled,https://docs.aws.amazon.com/securityhub/latest/userguide/cloudfront-controls.html#cloudfront-5,Y,Review all CloudFront distributions and enable logging if needed.,TRUE
CloudFront.6,CloudFront distributions should have WAF enabled,https://docs.aws.amazon.com/securityhub/latest/userguide/cloudfront-controls.html#cloudfront-6,,,FALSE
CloudFront.7,CloudFront distributions should use custom SSL/TLS certificates,https://docs.aws.amazon.com/securityhub/latest/userguide/cloudfront-controls.html#cloudfront-7,,,FALSE
CloudFront.8,CloudFront distributions should use SNI to serve HTTPS requests,https://docs.aws.amazon.com/securityhub/latest/userguide/cloudfront-controls.html#cloudfront-8,Y,Ensure that CloudFront distributions are configured to use SNI for serving HTTPS requests.,TRUE
CloudFront.9,CloudFront distributions should encrypt traffic to custom origins,https://docs.aws.amazon.com/securityhub/latest/userguide/cloudfront-controls.html#cloudfront-9,Y,Review CloudFront distributions and enable encryption of traffic to custom origins if needed.,TRUE
CloudFront.10,CloudFront distributions should not use deprecated SSL protocols between edge locations and custom origins,https://docs.aws.amazon.com/securityhub/latest/userguide/cloudfront-controls.html#cloudfront-10,,,FALSE
CloudFront.12,CloudFront distributions should not point to non-existent S3 origins,https://docs.aws.amazon.com/securityhub/latest/userguide/cloudfront-controls.html#cloudfront-12,Y,Review all CloudFront distributions and ensure they are not pointing to non-existent S3 origins.,TRUE
CloudTrail.1,CloudTrail should be enabled and configured with at least one multi-Region trail that includes read and write management events,https://docs.aws.amazon.com/securityhub/latest/userguide/cloudtrail-controls.html#cloudtrail-1,Y,Check to ensure CloudTrail is enabled and properly configured with a multi-Region trail that captures read and write management events.,TRUE
CloudTrail.2,CloudTrail should have encryption at-rest enabled,https://docs.aws.amazon.com/securityhub/latest/userguide/cloudtrail-controls.html#cloudtrail-2,Y,Review CloudTrail and enable encryption at-rest if needed.,TRUE
CloudTrail.3,CloudTrail should be enabled,https://docs.aws.amazon.com/securityhub/latest/userguide/cloudtrail-controls.html#cloudtrail-3,Y,Review CloudTrail and enable if not already enabled.,TRUE
CloudTrail.4,CloudTrail log file validation should be enabled,https://docs.aws.amazon.com/securityhub/latest/userguide/cloudtrail-controls.html#cloudtrail-4,Y,Review CloudTrail log file settings and turn on log file validation if needed.,TRUE
CloudTrail.5,CloudTrail trails should be integrated with Amazon CloudWatch Logs,https://docs.aws.amazon.com/securityhub/latest/userguide/cloudtrail-controls.html#cloudtrail-5,,,FALSE
CloudTrail.6,Ensure the S3 bucket used to store CloudTrail logs is not publicly accessible,https://docs.aws.amazon.com/securityhub/latest/userguide/cloudtrail-controls.html#cloudtrail-6,,,FALSE
CloudTrail.7,Ensure S3 bucket access logging is enabled on the CloudTrail S3 bucket,https://docs.aws.amazon.com/securityhub/latest/userguide/cloudtrail-controls.html#cloudtrail-7,,,FALSE
CloudWatch.1,"A log metric filter and alarm should exist for usage of the ""root"" user",https://docs.aws.amazon.com/securityhub/latest/userguide/cloudwatch-controls.html#cloudwatch-1,,,FALSE
CloudWatch.2,Ensure a log metric filter and alarm exist for unauthorized API calls,https://docs.aws.amazon.com/securityhub/latest/userguide/cloudwatch-controls.html#cloudwatch-2,,,FALSE
CloudWatch.3,Ensure a log metric filter and alarm exist for Management Console sign-in without MFA,https://docs.aws.amazon.com/securityhub/latest/userguide/cloudwatch-controls.html#cloudwatch-3,,,FALSE
CloudWatch.4,Ensure a log metric filter and alarm exist for IAM policy changes,https://docs.aws.amazon.com/securityhub/latest/userguide/cloudwatch-controls.html#cloudwatch-4,,,FALSE
CloudWatch.5,Ensure a log metric filter and alarm exist for CloudTrail configuration changes,https://docs.aws.amazon.com/securityhub/latest/userguide/cloudwatch-controls.html#cloudwatch-5,,,FALSE
CloudWatch.6,Ensure a log metric filter and alarm exist for AWS Management Console authentication failures,https://docs.aws.amazon.com/securityhub/latest/userguide/cloudwatch-controls.html#cloudwatch-6,,,FALSE
CloudWatch.7,Ensure a log metric filter and alarm exist for disabling or scheduled deletion of customer created CMKs,https://docs.aws.amazon.com/securityhub/latest/userguide/cloudwatch-controls.html#cloudwatch-7,,,FALSE
CloudWatch.8,Ensure a log metric filter and alarm exist for S3 bucket policy changes,https://docs.aws.amazon.com/securityhub/latest/userguide/cloudwatch-controls.html#cloudwatch-8,,,FALSE
CloudWatch.9,Ensure a log metric filter and alarm exist for AWS Config configuration changes,https://docs.aws.amazon.com/securityhub/latest/userguide/cloudwatch-controls.html#cloudwatch-9,,,FALSE
CloudWatch.10,Ensure a log metric filter and alarm exist for security group changes,https://docs.aws.amazon.com/securityhub/latest/userguide/cloudwatch-controls.html#cloudwatch-10,,,FALSE
CloudWatch.11,Ensure a log metric filter and alarm exist for changes to Network Access Control Lists (NACL),https://docs.aws.amazon.com/securityhub/latest/userguide/cloudwatch-controls.html#cloudwatch-11,,,FALSE
CloudWatch.12,Ensure a log metric filter and alarm exist for changes to network gateways,https://docs.aws.amazon.com/securityhub/latest/userguide/cloudwatch-controls.html#cloudwatch-12,,,FALSE
CloudWatch.13,Ensure a log metric filter and alarm exist for route table changes,https://docs.aws.amazon.com/securityhub/latest/userguide/cloudwatch-controls.html#cloudwatch-13,,,FALSE
CloudWatch.14,Ensure a log metric filter and alarm exist for VPC changes,https://docs.aws.amazon.com/securityhub/latest/userguide/cloudwatch-controls.html#cloudwatch-14,,,FALSE
CloudWatch.15,CloudWatch alarms should have an action configured for the ALARM state,https://docs.aws.amazon.com/securityhub/latest/userguide/cloudwatch-controls.html#cloudwatch-15,,,FALSE
CloudWatch.16,CloudWatch log groups should be retained for at least 1 year,https://docs.aws.amazon.com/securityhub/latest/userguide/cloudwatch-controls.html#cloudwatch-16,,,FALSE
CloudWatch.17,CloudWatch alarm actions should be activated,https://docs.aws.amazon.com/securityhub/latest/userguide/cloudwatch-controls.html#cloudwatch-17,,,FALSE
CodeBuild.1,CodeBuild GitHub or Bitbucket source repository URLs should use OAuth,https://docs.aws.amazon.com/securityhub/latest/userguide/codebuild-controls.html#codebuild-1,,,FALSE
CodeBuild.2,CodeBuild project environment variables should not contain clear text credentials,https://docs.aws.amazon.com/securityhub/latest/userguide/codebuild-controls.html#codebuild-2,,,FALSE
CodeBuild.3,CodeBuild S3 logs should be encrypted,https://docs.aws.amazon.com/securityhub/latest/userguide/codebuild-controls.html#codebuild-3,Y,Ensure that all CodeBuild S3 logs are encrypted to protect sensitive information.,TRUE
CodeBuild.4,CodeBuild project environments should have a logging configuration,https://docs.aws.amazon.com/securityhub/latest/userguide/codebuild-controls.html#codebuild-4,,,FALSE
CodeBuild.5,CodeBuild project environments should not have privileged mode enabled,https://docs.aws.amazon.com/securityhub/latest/userguide/codebuild-controls.html#codebuild-5,Y,Check all CodeBuild project environments and disable privileged mode if it is enabled.,TRUE
Config.1,AWS Config should be enabled,https://docs.aws.amazon.com/securityhub/latest/userguide/config-controls.html#config-1,Y,Review AWS Config and turn it on if needed,TRUE
DMS.1,Database Migration Service replication instances should not be public,https://docs.aws.amazon.com/securityhub/latest/userguide/dms-controls.html#dms-1,,,FALSE
DynamoDB.1,DynamoDB tables should automatically scale capacity with demand,https://docs.aws.amazon.com/securityhub/latest/userguide/dynamodb-controls.html#dynamodb-1,,,FALSE
DynamoDB.2,DynamoDB tables should have point-in-time recovery enabled,https://docs.aws.amazon.com/securityhub/latest/userguide/dynamodb-controls.html#dynamodb-2,Y,Review all DynamoDB tables and enable point-in-time recovery if needed.,TRUE
DynamoDB.3,DynamoDB Accelerator (DAX) clusters should be encrypted at rest,https://docs.aws.amazon.com/securityhub/latest/userguide/dynamodb-controls.html#dynamodb-3,Y,Review all DAX clusters and enable encryption at rest if needed.,TRUE
DynamoDB.4,DynamoDB tables should be covered by a backup plan,https://docs.aws.amazon.com/securityhub/latest/userguide/dynamodb-controls.html#dynamodb-4,,,FALSE
EC2.1,EBS snapshots should not be publicly restorable,https://docs.aws.amazon.com/securityhub/latest/userguide/ec2-controls.html#ec2-1,Y,Review all EBS snapshots and disable public restore if enabled.,TRUE
EC2.2,The VPC default security group should not allow inbound and outbound traffic,https://docs.aws.amazon.com/securityhub/latest/userguide/ec2-controls.html#ec2-2,Y,Review the VPC default security group and ensure that inbound and outbound traffic is not allowed.,TRUE
EC2.3,Attached EBS volumes should be encrypted at-rest,https://docs.aws.amazon.com/securityhub/latest/userguide/ec2-controls.html#ec2-3,Y,Review all attached EBS volumes and enable encryption at-rest if needed.,TRUE
EC2.4,Stopped EC2 instances should be removed after a specified time period,https://docs.aws.amazon.com/securityhub/latest/userguide/ec2-controls.html#ec2-4,Y,Implement a script or automation to terminate EC2 instances after a specified time period of being stopped.,TRUE
EC2.6,VPC flow logging should be enabled in all VPCs,https://docs.aws.amazon.com/securityhub/latest/userguide/ec2-controls.html#ec2-6,Y,Review all VPCs and enable flow logging if not already enabled.,TRUE
EC2.7,EBS default encryption should be enabled,https://docs.aws.amazon.com/securityhub/latest/userguide/ec2-controls.html#ec2-7,Y,Check EBS settings and make sure default encryption is turned on.,TRUE
EC2.8,EC2 instances should use Instance Metadata Service Version 2 (IMDSv2),https://docs.aws.amazon.com/securityhub/latest/userguide/ec2-controls.html#ec2-8,,,TRUE
EC2.9,EC2 instances should not have a public IPv4 address,https://docs.aws.amazon.com/securityhub/latest/userguide/ec2-controls.html#ec2-9,,,FALSE
EC2.10,Amazon EC2 should be configured to use VPC endpoints that are created for the Amazon EC2 service,https://docs.aws.amazon.com/securityhub/latest/userguide/ec2-controls.html#ec2-10,Y,Review Amazon EC2 configuration and configure VPC endpoints for EC2 service.,TRUE
EC2.12,Unused EC2 EIPs should be removed,https://docs.aws.amazon.com/securityhub/latest/userguide/ec2-controls.html#ec2-12,Y,Review all EC2 instances and release any unused EIPs.,TRUE
EC2.13,Security groups should not allow ingress from 0.0.0.0/0 to port 22,https://docs.aws.amazon.com/securityhub/latest/userguide/ec2-controls.html#ec2-13,Y,Check all security groups and ensure that port 22 is not open to incoming traffic from 0.0.0.0/0.,TRUE
EC2.14,Ensure no security groups allow ingress from 0.0.0.0/0 to port 3389,https://docs.aws.amazon.com/securityhub/latest/userguide/ec2-controls.html#ec2-14,Y,Review all security groups and remove any inbound rules that allow traffic from 0.0.0.0/0 to port 3389.,TRUE
EC2.15,EC2 subnets should not automatically assign public IP addresses,https://docs.aws.amazon.com/securityhub/latest/userguide/ec2-controls.html#ec2-15,Y,Disable automatic public IP address assignment for all EC2 subnets.,TRUE
EC2.16,Unused Network Access Control Lists should be removed,https://docs.aws.amazon.com/securityhub/latest/userguide/ec2-controls.html#ec2-16,Y,Review all Network Access Control Lists and remove any that are not in use.,TRUE
EC2.17,EC2 instances should not use multiple ENIs,https://docs.aws.amazon.com/securityhub/latest/userguide/ec2-controls.html#ec2-17,Y,Review all EC2 instances and remove any additional ENIs that are not necessary to reduce the attack surface.,TRUE
EC2.18,Security groups should only allow unrestricted incoming traffic for authorized ports,https://docs.aws.amazon.com/securityhub/latest/userguide/ec2-controls.html#ec2-18,Y,Review all security groups and ensure that only authorized ports have unrestricted incoming traffic allowed.,TRUE
EC2.19,Security groups should not allow unrestricted access to ports with high risk,https://docs.aws.amazon.com/securityhub/latest/userguide/ec2-controls.html#ec2-19,Y,Review all security groups and ensure that ports with high risk are not open to unrestricted access.,TRUE
EC2.20,Both VPN tunnels for an AWS Site-to-Site VPN connection should be up,https://docs.aws.amazon.com/securityhub/latest/userguide/ec2-controls.html#ec2-20,Y,Check the AWS Site-to-Site VPN connection and bring both VPN tunnels up.,TRUE
EC2.21,Network ACLs should not allow ingress from 0.0.0.0/0 to port 22 or port 3389,https://docs.aws.amazon.com/securityhub/latest/userguide/ec2-controls.html#ec2-21,Y,Review network ACLs and remove any inbound rules that allow connections from 0.0.0.0/0 to port 22 or port 3389.,TRUE
EC2.22,Unused EC2 security groups should be removed,https://docs.aws.amazon.com/securityhub/latest/userguide/ec2-controls.html#ec2-22,Y,Review all EC2 security groups and remove any that are not in use.,TRUE
EC2.23,EC2 Transit Gateways should not automatically accept VPC attachment requests,https://docs.aws.amazon.com/securityhub/latest/userguide/ec2-controls.html#ec2-23,Y,Review EC2 Transit Gateway settings to ensure that VPC attachment requests are not automatically accepted.,TRUE
EC2.24,EC2 paravirtual instance types should not be used,https://docs.aws.amazon.com/securityhub/latest/userguide/ec2-controls.html#ec2-24,Y,Review all EC2 instances and switch to HVM instance types if needed to avoid using paravirtual instance types.,TRUE
EC2.25,EC2 launch templates should not assign public IPs to network interfaces,https://docs.aws.amazon.com/securityhub/latest/userguide/ec2-controls.html#ec2-25,,,FALSE
EC2.28,EBS volumes should be covered by a backup plan,https://docs.aws.amazon.com/securityhub/latest/userguide/ec2-controls.html#ec2-28,,,FALSE
EC2.29,EC2 instances should be launched in a VPC,https://docs.aws.amazon.com/securityhub/latest/userguide/ec2-controls.html#ec2-29,,,FALSE
ECR.1,ECR private repositories should have image scanning configured,https://docs.aws.amazon.com/securityhub/latest/userguide/ecr-controls.html#ecr-1,,,FALSE
ECR.2,ECR private repositories should have tag immutability configured,https://docs.aws.amazon.com/securityhub/latest/userguide/ecr-controls.html#ecr-2,,,FALSE
ECR.3,ECR repositories should have at least one lifecycle policy configured,https://docs.aws.amazon.com/securityhub/latest/userguide/ecr-controls.html#ecr-3,,,FALSE
ECS.1,Amazon ECS task definitions should have secure networking modes and user definitions.,https://docs.aws.amazon.com/securityhub/latest/userguide/ecs-controls.html#ecs-1,,,FALSE
ECS.2,ECS services should not have public IP addresses assigned to them automatically,https://docs.aws.amazon.com/securityhub/latest/userguide/ecs-controls.html#ecs-2,,,FALSE
ECS.3,ECS task definitions should not share the host's process namespace,https://docs.aws.amazon.com/securityhub/latest/userguide/ecs-controls.html#ecs-3,,,FALSE
ECS.4,ECS containers should run as non-privileged,https://docs.aws.amazon.com/securityhub/latest/userguide/ecs-controls.html#ecs-4,,,FALSE
ECS.5,ECS containers should be limited to read-only access to root filesystems,https://docs.aws.amazon.com/securityhub/latest/userguide/ecs-controls.html#ecs-5,,,TRUE
ECS.8,Secrets should not be passed as container environment variables,https://docs.aws.amazon.com/securityhub/latest/userguide/ecs-controls.html#ecs-8,,,FALSE
ECS.10,ECS Fargate services should run on the latest Fargate platform version,https://docs.aws.amazon.com/securityhub/latest/userguide/ecs-controls.html#ecs-10,Y,Make sure all ECS Fargate services are running on the latest platform version available.,TRUE
ECS.12,ECS clusters should use Container Insights,https://docs.aws.amazon.com/securityhub/latest/userguide/ecs-controls.html#ecs-12,Y,Review all ECS clusters and enable Container Insights if not already enabled.,TRUE
EFS.1,Elastic File System should be configured to encrypt file data at-rest using AWS KMS,https://docs.aws.amazon.com/securityhub/latest/userguide/efs-controls.html#efs-1,Y,Review Elastic File System configurations and enable encryption at-rest using AWS KMS if not already enabled.,TRUE
EFS.2,Amazon EFS volumes should be in backup plans,https://docs.aws.amazon.com/securityhub/latest/userguide/efs-controls.html#efs-2,Y,Include all Amazon EFS volumes in backup plans for disaster recovery purposes.,TRUE
EFS.3,EFS access points should enforce a root directory,https://docs.aws.amazon.com/securityhub/latest/userguide/efs-controls.html#efs-3,Y,Review all EFS access points and configure them to enforce a root directory.,TRUE
EFS.4,EFS access points should enforce a user identity,https://docs.aws.amazon.com/securityhub/latest/userguide/efs-controls.html#efs-4,Y,Review all EFS access points and configure them to enforce user identity.,TRUE
EKS.1,EKS cluster endpoints should not be publicly accessible,https://docs.aws.amazon.com/securityhub/latest/userguide/eks-controls.html#eks-1,Y,Ensure that EKS cluster endpoints are not accessible outside of the private network.,TRUE
EKS.2,EKS clusters should run on a supported Kubernetes version,https://docs.aws.amazon.com/securityhub/latest/userguide/eks-controls.html#eks-2,Y,Ensure that all EKS clusters are running on a version of Kubernetes that is officially supported by AWS.,TRUE
ElastiCache.1,ElastiCache Redis clusters should have automatic backup enabled,https://docs.aws.amazon.com/securityhub/latest/userguide/elasticache-controls.html#elasticache-1,Y,Check all ElastiCache Redis clusters and enable automatic backup if not already enabled.,TRUE
ElastiCache.2,ElastiCache for Redis cache clusters should have auto minor version upgrades enabled,https://docs.aws.amazon.com/securityhub/latest/userguide/elasticache-controls.html#elasticache-2,Y,Review ElastiCache for Redis cache clusters to ensure auto minor version upgrades are enabled.,TRUE
ElastiCache.3,ElastiCache replication groups should have automatic failover enabled,https://docs.aws.amazon.com/securityhub/latest/userguide/elasticache-controls.html#elasticache-3,Y,Review all ElastiCache replication groups and enable automatic failover if needed.,TRUE
ElastiCache.4,ElastiCache replication groups should have encryption-at-rest enabled,https://docs.aws.amazon.com/securityhub/latest/userguide/elasticache-controls.html#elasticache-4,Y,Check all ElastiCache replication groups and enable encryption-at-rest as necessary.,TRUE
ElastiCache.5,ElastiCache replication groups should have encryption-in-transit enabled,https://docs.aws.amazon.com/securityhub/latest/userguide/elasticache-controls.html#elasticache-5,Y,Review all ElastiCache replication groups and enable encryption-in-transit if needed.,TRUE
ElastiCache.6,ElastiCache replication groups of earlier Redis versions should have Redis AUTH enabled,https://docs.aws.amazon.com/securityhub/latest/userguide/elasticache-controls.html#elasticache-6,Y,Review all ElastiCache replication groups of earlier Redis versions and enable Redis AUTH if needed.,TRUE
ElastiCache.7,ElastiCache clusters should not use the default subnet group,https://docs.aws.amazon.com/securityhub/latest/userguide/elasticache-controls.html#elasticache-7,Y,"When creating an ElastiCache cluster, create a custom subnet group and do not use the default one.",TRUE
ElasticBeanstalk.1,Elastic Beanstalk environments should have enhanced health reporting enabled,https://docs.aws.amazon.com/securityhub/latest/userguide/elasticbeanstalk-controls.html#elasticbeanstalk-1,Y,Review Elastic Beanstalk environments and enable enhanced health reporting.,TRUE
ElasticBeanstalk.2,Elastic Beanstalk managed platform updates should be enabled,https://docs.aws.amazon.com/securityhub/latest/userguide/elasticbeanstalk-controls.html#elasticbeanstalk-2,Y,Review Elastic Beanstalk settings to ensure that managed platform updates are enabled.,TRUE
ELB.1,Application Load Balancer should be configured to redirect all HTTP requests to HTTPS,https://docs.aws.amazon.com/securityhub/latest/userguide/elb-controls.html#elb-1,Y,Review the ALB configuration and set up redirection of all HTTP requests to HTTPS.,TRUE
ELB.2,Classic Load Balancers with SSL/HTTPS listeners should use a certificate provided by AWS Certificate Manager,https://docs.aws.amazon.com/securityhub/latest/userguide/elb-controls.html#elb-2,Y,Check SSL/HTTPS listeners on Classic Load Balancers and use certificates from AWS Certificate Manager if not already in use.,TRUE
ELB.3,Classic Load Balancer listeners should be configured with HTTPS or TLS termination,https://docs.aws.amazon.com/securityhub/latest/userguide/elb-controls.html#elb-3,Y,Review all Classic Load Balancer listeners and configure HTTPS or TLS termination if not already enabled.,TRUE
ELB.4,Application Load Balancer should be configured to drop http headers,https://docs.aws.amazon.com/securityhub/latest/userguide/elb-controls.html#elb-4,Y,Review the Application Load Balancer settings and configure it to drop http headers.,TRUE
ELB.5,Application and Classic Load Balancers logging should be enabled,https://docs.aws.amazon.com/securityhub/latest/userguide/elb-controls.html#elb-5,Y,Review all Application and Classic Load Balancers and enable logging if needed.,TRUE
ELB.6,Application Load Balancer deletion protection should be enabled,https://docs.aws.amazon.com/securityhub/latest/userguide/elb-controls.html#elb-6,Y,Review all Application Load Balancers and enable deletion protection if not already enabled.,TRUE
ELB.7,Classic Load Balancers should have connection draining enabled,https://docs.aws.amazon.com/securityhub/latest/userguide/elb-controls.html#elb-7,Y,Review all Classic Load Balancers and turn on connection draining if needed.,TRUE
ELB.8,Classic Load Balancers with SSL listeners should use a predefined security policy that has strong configuration,https://docs.aws.amazon.com/securityhub/latest/userguide/elb-controls.html#elb-8,,,FALSE
ELB.9,Classic Load Balancers should have cross-zone load balancing enabled,https://docs.aws.amazon.com/securityhub/latest/userguide/elb-controls.html#elb-9,,,FALSE
ELB.10,Classic Load Balancer should span multiple Availability Zones,https://docs.aws.amazon.com/securityhub/latest/userguide/elb-controls.html#elb-10,,,FALSE
ELB.12,Application Load Balancer should be configured with defensive or strictest desync mitigation mode,https://docs.aws.amazon.com/securityhub/latest/userguide/elb-controls.html#elb-12,Y,Ensure that the Application Load Balancer is configured with defensive or strictest desync mitigation mode.,TRUE
ELB.13,"Application, Network and Gateway Load Balancers should span multiple Availability Zones",https://docs.aws.amazon.com/securityhub/latest/userguide/elb-controls.html#elb-13,,,FALSE
ELB.14,Classic Load Balancer should be configured with defensive or strictest desync mitigation mode,https://docs.aws.amazon.com/securityhub/latest/userguide/elb-controls.html#elb-14,Y,Review Classic Load Balancer configuration and enable defensive or strictest desync mitigation mode if needed.,TRUE
ELB.16,Application Load Balancers should be associated with an AWS WAF web ACL,https://docs.aws.amazon.com/securityhub/latest/userguide/elb-controls.html#elb-16,Y,Review all Application Load Balancers and associate them with an AWS WAF web ACL if not already done.,TRUE
EMR.1,Amazon Elastic MapReduce cluster master nodes should not have public IP addresses,https://docs.aws.amazon.com/securityhub/latest/userguide/emr-controls.html#emr-1,Y,Review all Amazon Elastic MapReduce cluster master nodes and remove any public IP addresses.,TRUE
ES.1,Elasticsearch domains should have encryption at-rest enabled,https://docs.aws.amazon.com/securityhub/latest/userguide/es-controls.html#es-1,Y,Review all Elasticsearch domains and enable encryption at-rest if needed.,TRUE
ES.2,Elasticsearch domains should be in a VPC,https://docs.aws.amazon.com/securityhub/latest/userguide/es-controls.html#es-2,,,FALSE
ES.3,Elasticsearch domains should encrypt data sent between nodes,https://docs.aws.amazon.com/securityhub/latest/userguide/es-controls.html#es-3,Y,Review all Elasticsearch domains and ensure that data is encrypted when sent between nodes.,TRUE
ES.4,Elasticsearch domain error logging to CloudWatch Logs should be enabled,https://docs.aws.amazon.com/securityhub/latest/userguide/es-controls.html#es-4,Y,Review Elasticsearch domain configuration and enable error logging to CloudWatch Logs if needed.,TRUE
ES.5,Elasticsearch domains should have audit logging enabled,https://docs.aws.amazon.com/securityhub/latest/userguide/es-controls.html#es-5,Y,Review all Elasticsearch domains and enable audit logging if needed.,TRUE
ES.6,Elasticsearch domains should have at least three data nodes,https://docs.aws.amazon.com/securityhub/latest/userguide/es-controls.html#es-6,,,FALSE
ES.7,Elasticsearch domains should be configured with at least three dedicated master nodes,https://docs.aws.amazon.com/securityhub/latest/userguide/es-controls.html#es-7,,,FALSE
ES.8,Connections to Elasticsearch domains should be encrypted using TLS 1.2,https://docs.aws.amazon.com/securityhub/latest/userguide/es-controls.html#es-8,Y,Ensure that all connections to Elasticsearch domains are encrypted using TLS 1.2 protocol.,TRUE
GuardDuty.1,GuardDuty should be enabled,https://docs.aws.amazon.com/securityhub/latest/userguide/guardduty-controls.html#guardduty-1,Y,Review GuardDuty and enable it if needed.,TRUE
IAM.1,"IAM policies should not allow full ""*"" administrative privileges",https://docs.aws.amazon.com/securityhub/latest/userguide/iam-controls.html#iam-1,,,FALSE
IAM.2,IAM users should not have IAM policies attached,https://docs.aws.amazon.com/securityhub/latest/userguide/iam-controls.html#iam-2,,,FALSE
IAM.3,IAM users' access keys should be rotated every 90 days or less,https://docs.aws.amazon.com/securityhub/latest/userguide/iam-controls.html#iam-3,,,FALSE
IAM.4,IAM root user access key should not exist,https://docs.aws.amazon.com/securityhub/latest/userguide/iam-controls.html#iam-4,,,FALSE
IAM.5,MFA should be enabled for all IAM users that have a console password,https://docs.aws.amazon.com/securityhub/latest/userguide/iam-controls.html#iam-5,,,FALSE
IAM.6,Hardware MFA should be enabled for the root user,https://docs.aws.amazon.com/securityhub/latest/userguide/iam-controls.html#iam-6,,,FALSE
IAM.7,Password policies for IAM users should have strong configurations,https://docs.aws.amazon.com/securityhub/latest/userguide/iam-controls.html#iam-7,Y,Review the IAM password policies and ensure that they have strong configurations.,TRUE
IAM.8,Unused IAM user credentials should be removed,https://docs.aws.amazon.com/securityhub/latest/userguide/iam-controls.html#iam-8,Y,Regularly review IAM users and remove unused credentials.,TRUE
IAM.9,Virtual MFA should be enabled for the root user,https://docs.aws.amazon.com/securityhub/latest/userguide/iam-controls.html#iam-9,,,FALSE
IAM.10,Password policies for IAM users should have strong configurations,https://docs.aws.amazon.com/securityhub/latest/userguide/iam-controls.html#iam-10,,,FALSE
IAM.11,Ensure IAM password policy requires at least one uppercase letter,https://docs.aws.amazon.com/securityhub/latest/userguide/iam-controls.html#iam-11,,,FALSE
IAM.12,Ensure IAM password policy requires at least one lowercase letter,https://docs.aws.amazon.com/securityhub/latest/userguide/iam-controls.html#iam-12,,,FALSE
IAM.13,Ensure IAM password policy requires at least one symbol,https://docs.aws.amazon.com/securityhub/latest/userguide/iam-controls.html#iam-13,,,FALSE
IAM.14,Ensure IAM password policy requires at least one number,https://docs.aws.amazon.com/securityhub/latest/userguide/iam-controls.html#iam-14,,,FALSE
IAM.15,Ensure IAM password policy requires minimum password length of 14 or greater,https://docs.aws.amazon.com/securityhub/latest/userguide/iam-controls.html#iam-15,,,FALSE
IAM.16,Ensure IAM password policy prevents password reuse,https://docs.aws.amazon.com/securityhub/latest/userguide/iam-controls.html#iam-16,,,FALSE
IAM.17,Ensure IAM password policy expires passwords within 90 days or less,https://docs.aws.amazon.com/securityhub/latest/userguide/iam-controls.html#iam-17,,,FALSE
IAM.18,Ensure a support role has been created to manage incidents with AWS Support,https://docs.aws.amazon.com/securityhub/latest/userguide/iam-controls.html#iam-18,Y,Create a support role in AWS for incident management.,TRUE
IAM.19,MFA should be enabled for all IAM users,https://docs.aws.amazon.com/securityhub/latest/userguide/iam-controls.html#iam-19,,,FALSE
IAM.20,Avoid the use of the root user,https://docs.aws.amazon.com/securityhub/latest/userguide/iam-controls.html#iam-20,Y,Review IAM users and policies to ensure that root user access is restricted and limited.,TRUE
IAM.21,IAM customer managed policies that you create should not allow wildcard actions for services,https://docs.aws.amazon.com/securityhub/latest/userguide/iam-controls.html#iam-21,,,FALSE
IAM.22,IAM user credentials unused for 45 days should be removed,https://docs.aws.amazon.com/securityhub/latest/userguide/iam-controls.html#iam-22,Y,Review IAM user credentials and remove any that have been unused for 45 days.,TRUE
Kinesis.1,Kinesis streams should be encrypted at rest,https://docs.aws.amazon.com/securityhub/latest/userguide/kinesis-controls.html#kinesis-1,Y,Ensure that all Kinesis streams are configured with encryption at-rest.,TRUE
KMS.1,IAM customer managed policies should not allow decryption actions on all KMS keys,https://docs.aws.amazon.com/securityhub/latest/userguide/kms-controls.html#kms-1,,,FALSE
KMS.2,IAM principals should not have IAM inline policies that allow decryption actions on all KMS keys,https://docs.aws.amazon.com/securityhub/latest/userguide/kms-controls.html#kms-2,,,FALSE
KMS.3,AWS KMS keys should not be deleted unintentionally,https://docs.aws.amazon.com/securityhub/latest/userguide/kms-controls.html#kms-3,,,FALSE
KMS.4,AWS KMS key rotation should be enabled,https://docs.aws.amazon.com/securityhub/latest/userguide/kms-controls.html#kms-4,Y,Review all KMS keys and enable key rotation if needed,TRUE
Lambda.1,Lambda function policies should prohibit public access,https://docs.aws.amazon.com/securityhub/latest/userguide/lambda-controls.html#lambda-1,,,FALSE
Lambda.2,Lambda functions should use supported runtimes,https://docs.aws.amazon.com/securityhub/latest/userguide/lambda-controls.html#lambda-2,Y,Review Lambda functions and ensure that only supported runtimes are being used.,TRUE
Lambda.3,Lambda functions should be in a VPC,https://docs.aws.amazon.com/securityhub/latest/userguide/lambda-controls.html#lambda-3,,,FALSE
Lambda.5,VPC Lambda functions should operate in more than one Availability Zone,https://docs.aws.amazon.com/securityhub/latest/userguide/lambda-controls.html#lambda-5,,,FALSE
NetworkFirewall.3,Network Firewall policies should have at least one rule group associated,https://docs.aws.amazon.com/securityhub/latest/userguide/networkfirewall-controls.html#networkfirewall-3,,,FALSE
NetworkFirewall.4,The default stateless action for Network Firewall policies should be drop or forward for full packets,https://docs.aws.amazon.com/securityhub/latest/userguide/networkfirewall-controls.html#networkfirewall-4,,,FALSE
NetworkFirewall.5,The default stateless action for Network Firewall policies should be drop or forward for fragmented packets,https://docs.aws.amazon.com/securityhub/latest/userguide/networkfirewall-controls.html#networkfirewall-5,,,FALSE
NetworkFirewall.6,Stateless network firewall rule group should not be empty,https://docs.aws.amazon.com/securityhub/latest/userguide/networkfirewall-controls.html#networkfirewall-6,,,FALSE
Opensearch.1,OpenSearch domains should have encryption at rest enabled,https://docs.aws.amazon.com/securityhub/latest/userguide/opensearch-controls.html#opensearch-1,Y,Ensure all OpenSearch domains have encryption at rest enabled.,TRUE
Opensearch.2,OpenSearch domains should be in a VPC,https://docs.aws.amazon.com/securityhub/latest/userguide/opensearch-controls.html#opensearch-2,,,FALSE
Opensearch.3,OpenSearch domains should encrypt data sent between nodes,https://docs.aws.amazon.com/securityhub/latest/userguide/opensearch-controls.html#opensearch-3,Y,Review all OpenSearch domains and configure encryption for data sent between nodes if not already enabled.,TRUE
Opensearch.4,OpenSearch domain error logging to CloudWatch Logs should be enabled,https://docs.aws.amazon.com/securityhub/latest/userguide/opensearch-controls.html#opensearch-4,,,FALSE
Opensearch.5,OpenSearch domains should have audit logging enabled,https://docs.aws.amazon.com/securityhub/latest/userguide/opensearch-controls.html#opensearch-5,,,FALSE
Opensearch.6,OpenSearch domains should have at least three data nodes,https://docs.aws.amazon.com/securityhub/latest/userguide/opensearch-controls.html#opensearch-6,,,FALSE
Opensearch.7,OpenSearch domains should have fine-grained access control enabled,https://docs.aws.amazon.com/securityhub/latest/userguide/opensearch-controls.html#opensearch-7,Y,Review all OpenSearch domains and enable fine-grained access control if needed.,TRUE
Opensearch.8,Connections to OpenSearch domains should be encrypted using TLS 1.2,https://docs.aws.amazon.com/securityhub/latest/userguide/opensearch-controls.html#opensearch-8,Y,Ensure that all connections to OpenSearch domains are encrypted using TLS 1.2.,TRUE
RDS.1,RDS snapshot should be private,https://docs.aws.amazon.com/securityhub/latest/userguide/rds-controls.html#rds-1,Y,Ensure all RDS snapshots are set to private to prevent unauthorized access.,TRUE
RDS.2,"RDS DB Instances should prohibit public access, as determined by the PubliclyAccessible configuration",https://docs.aws.amazon.com/securityhub/latest/userguide/rds-controls.html#rds-2,Y,"Review all RDS DB instances and disable PubliclyAccessible if needed, in order to prohibit public access.",TRUE
RDS.3,RDS DB instances should have encryption at-rest enabled,https://docs.aws.amazon.com/securityhub/latest/userguide/rds-controls.html#rds-3,Y,Review all RDS DB instances and turn on encryption at-rest if needed,TRUE
RDS.4,RDS cluster snapshots and database snapshots should be encrypted at rest,https://docs.aws.amazon.com/securityhub/latest/userguide/rds-controls.html#rds-4,Y,Review all RDS cluster and database snapshots and enable encryption at rest if necessary.,TRUE
RDS.5,RDS DB instances should be configured with multiple Availability Zones,https://docs.aws.amazon.com/securityhub/latest/userguide/rds-controls.html#rds-5,,,FALSE
RDS.6,Enhanced monitoring should be configured for RDS DB instances,https://docs.aws.amazon.com/securityhub/latest/userguide/rds-controls.html#rds-6,Y,Review RDS DB instances and configure enhanced monitoring if needed.,TRUE
RDS.7,RDS clusters should have deletion protection enabled,https://docs.aws.amazon.com/securityhub/latest/userguide/rds-controls.html#rds-7,,,FALSE
RDS.8,RDS DB instances should have deletion protection enabled,https://docs.aws.amazon.com/securityhub/latest/userguide/rds-controls.html#rds-8,Y,Review all RDS DB instances and enable deletion protection if needed.,TRUE
RDS.9,Database logging should be enabled,https://docs.aws.amazon.com/securityhub/latest/userguide/rds-controls.html#rds-9,,,FALSE
RDS.10,IAM authentication should be configured for RDS instances,https://docs.aws.amazon.com/securityhub/latest/userguide/rds-controls.html#rds-10,,,FALSE
RDS.11,RDS instances should have automatic backups enabled,https://docs.aws.amazon.com/securityhub/latest/userguide/rds-controls.html#rds-11,,,FALSE
RDS.12,IAM authentication should be configured for RDS clusters,https://docs.aws.amazon.com/securityhub/latest/userguide/rds-controls.html#rds-12,,,FALSE
RDS.13,RDS automatic minor version upgrades should be enabled,https://docs.aws.amazon.com/securityhub/latest/userguide/rds-controls.html#rds-13,Y,Review RDS instances and enable automatic minor version upgrades if not already enabled.,TRUE
RDS.14,Amazon Aurora clusters should have backtracking enabled,https://docs.aws.amazon.com/securityhub/latest/userguide/rds-controls.html#rds-14,Y,Review all Amazon Aurora clusters and enable backtracking if needed.,TRUE
RDS.15,RDS DB clusters should be configured for multiple Availability Zones,https://docs.aws.amazon.com/securityhub/latest/userguide/rds-controls.html#rds-15,,,FALSE
RDS.16,RDS DB clusters should be configured to copy tags to snapshots,https://docs.aws.amazon.com/securityhub/latest/userguide/rds-controls.html#rds-16,Y,Review all RDS DB clusters and configure them to copy tags to snapshots.,TRUE
RDS.17,RDS DB instances should be configured to copy tags to snapshots,https://docs.aws.amazon.com/securityhub/latest/userguide/rds-controls.html#rds-17,Y,Ensure that tags are copied to RDS DB instance snapshots as per the desired configuration.,TRUE
RDS.18,RDS instances should be deployed in a VPC,https://docs.aws.amazon.com/securityhub/latest/userguide/rds-controls.html#rds-18,,,FALSE
RDS.19,An RDS event notifications subscription should be configured for critical cluster events,https://docs.aws.amazon.com/securityhub/latest/userguide/rds-controls.html#rds-19,,,FALSE
RDS.20,An RDS event notifications subscription should be configured for critical database instance events,https://docs.aws.amazon.com/securityhub/latest/userguide/rds-controls.html#rds-20,,,FALSE
RDS.21,An RDS event notifications subscription should be configured for critical database parameter group events,https://docs.aws.amazon.com/securityhub/latest/userguide/rds-controls.html#rds-21,,,FALSE
RDS.22,An RDS event notifications subscription should be configured for critical database security group events,https://docs.aws.amazon.com/securityhub/latest/userguide/rds-controls.html#rds-22,,,FALSE
RDS.23,RDS instances should not use a database engine default port,https://docs.aws.amazon.com/securityhub/latest/userguide/rds-controls.html#rds-23,,,FALSE
RDS.24,RDS Database Clusters should use a custom administrator username,https://docs.aws.amazon.com/securityhub/latest/userguide/rds-controls.html#rds-24,Y,Ensure that a custom administrator username is used for all RDS Database Clusters.,TRUE
RDS.25,RDS database instances should use a custom administrator username,https://docs.aws.amazon.com/securityhub/latest/userguide/rds-controls.html#rds-25,Y,Review all RDS DB instances and update the default administrator username to a custom one.,TRUE
RDS.26,RDS DB instances should be covered by a backup plan,https://docs.aws.amazon.com/securityhub/latest/userguide/rds-controls.html#rds-26,Y,Review all RDS DB instances and ensure that they are covered by a backup plan.,TRUE
Redshift.1,Amazon Redshift clusters should prohibit public access,https://docs.aws.amazon.com/securityhub/latest/userguide/redshift-controls.html#redshift-1,Y,Review all Amazon Redshift clusters and configure their security groups to prohibit public access.,TRUE
Redshift.2,Connections to Amazon Redshift clusters should be encrypted in transit,https://docs.aws.amazon.com/securityhub/latest/userguide/redshift-controls.html#redshift-2,Y,Review all connections to Amazon Redshift clusters and ensure encryption in transit is enabled.,TRUE
Redshift.3,Amazon Redshift clusters should have automatic snapshots enabled,https://docs.aws.amazon.com/securityhub/latest/userguide/redshift-controls.html#redshift-3,,,FALSE
Redshift.4,Amazon Redshift clusters should have audit logging enabled,https://docs.aws.amazon.com/securityhub/latest/userguide/redshift-controls.html#redshift-4,Y,Review all Amazon Redshift clusters and enable audit logging if needed.,TRUE
Redshift.6,Amazon Redshift should have automatic upgrades to major versions enabled,https://docs.aws.amazon.com/securityhub/latest/userguide/redshift-controls.html#redshift-6,Y,Review all Amazon Redshift clusters and enable automatic upgrades to major versions if needed.,TRUE
Redshift.7,Redshift clusters should use enhanced VPC routing,https://docs.aws.amazon.com/securityhub/latest/userguide/redshift-controls.html#redshift-7,,,FALSE
Redshift.8,Amazon Redshift clusters should not use the default Admin username,https://docs.aws.amazon.com/securityhub/latest/userguide/redshift-controls.html#redshift-8,,,FALSE
Redshift.9,Redshift clusters should not use the default database name,https://docs.aws.amazon.com/securityhub/latest/userguide/redshift-controls.html#redshift-9,Y,"When creating a Redshift cluster, do not use the default database name.",TRUE
Redshift.10,Redshift clusters should be encrypted at rest,https://docs.aws.amazon.com/securityhub/latest/userguide/redshift-controls.html#redshift-10,Y,Check all Redshift clusters and enable encryption at rest if it is not already enabled.,TRUE
S3.1,S3 Block Public Access setting should be enabled,https://docs.aws.amazon.com/securityhub/latest/userguide/s3-controls.html#s3-1,Y,Review all S3 bucket settings and enable Block Public Access if it is not enabled,TRUE
S3.2,S3 buckets should prohibit public read access,https://docs.aws.amazon.com/securityhub/latest/userguide/s3-controls.html#s3-2,Y,Review all S3 buckets and configure them to disallow public read access.,TRUE
S3.3,S3 buckets should prohibit public write access,https://docs.aws.amazon.com/securityhub/latest/userguide/s3-controls.html#s3-3,Y,Review all S3 buckets and ensure public write access is disabled.,TRUE
S3.4,S3 buckets should have server-side encryption enabled,https://docs.aws.amazon.com/securityhub/latest/userguide/s3-controls.html#s3-4,Y,Review all S3 buckets and turn on server-side encryption if needed.,TRUE
S3.5,S3 buckets should require requests to use Secure Socket Layer,https://docs.aws.amazon.com/securityhub/latest/userguide/s3-controls.html#s3-5,,,FALSE
S3.6,S3 permissions granted to other AWS accounts in bucket policies should be restricted,https://docs.aws.amazon.com/securityhub/latest/userguide/s3-controls.html#s3-6,,,FALSE
S3.7,S3 buckets should have cross-Region replication enabled,https://docs.aws.amazon.com/securityhub/latest/userguide/s3-controls.html#s3-7,,,FALSE
S3.8,S3 Block Public Access setting should be enabled at the bucket-level,https://docs.aws.amazon.com/securityhub/latest/userguide/s3-controls.html#s3-8,,,FALSE
S3.9,S3 bucket server access logging should be enabled,https://docs.aws.amazon.com/securityhub/latest/userguide/s3-controls.html#s3-9,,,FALSE
S3.10,S3 buckets with versioning enabled should have lifecycle policies configured,https://docs.aws.amazon.com/securityhub/latest/userguide/s3-controls.html#s3-10,,,FALSE
S3.11,S3 buckets should have event notifications enabled,https://docs.aws.amazon.com/securityhub/latest/userguide/s3-controls.html#s3-11,,,FALSE
S3.12,S3 access control lists (ACLs) should not be used to manage user access to buckets,https://docs.aws.amazon.com/securityhub/latest/userguide/s3-controls.html#s3-12,,,FALSE
S3.13,S3 buckets should have lifecycle policies configured,https://docs.aws.amazon.com/securityhub/latest/userguide/s3-controls.html#s3-13,,,FALSE
S3.14,S3 buckets should use versioning,https://docs.aws.amazon.com/securityhub/latest/userguide/s3-controls.html#s3-14,Y,Review all S3 buckets and enable versioning if needed.,TRUE
S3.15,S3 buckets should be configured to use Object Lock,https://docs.aws.amazon.com/securityhub/latest/userguide/s3-controls.html#s3-15,,,FALSE
SageMaker.1,Amazon SageMaker notebook instances should not have direct internet access,https://docs.aws.amazon.com/securityhub/latest/userguide/sagemaker-controls.html#sagemaker-1,,,FALSE
SageMaker.2,SageMaker notebook instances should be launched in a custom VPC,https://docs.aws.amazon.com/securityhub/latest/userguide/sagemaker-controls.html#sagemaker-2,,,FALSE
SageMaker.3,Users should not have root access to SageMaker notebook instances,https://docs.aws.amazon.com/securityhub/latest/userguide/sagemaker-controls.html#sagemaker-3,,,FALSE
SecretsManager.1,Secrets Manager secrets should have automatic rotation enabled,https://docs.aws.amazon.com/securityhub/latest/userguide/secretsmanager-controls.html#secretsmanager-1,,,FALSE
SecretsManager.2,Secrets Manager secrets configured with automatic rotation should rotate successfully,https://docs.aws.amazon.com/securityhub/latest/userguide/secretsmanager-controls.html#secretsmanager-2,,,FALSE
SecretsManager.3,Remove unused Secrets Manager secrets,https://docs.aws.amazon.com/securityhub/latest/userguide/secretsmanager-controls.html#secretsmanager-3,Y,Review all Secrets Manager secrets and delete any that are no longer needed.,TRUE
SecretsManager.4,Secrets Manager secrets should be rotated within a specified number of days,https://docs.aws.amazon.com/securityhub/latest/userguide/secretsmanager-controls.html#secretsmanager-4,,,FALSE
SNS.1,SNS topics should be encrypted at-rest using AWS KMS,https://docs.aws.amazon.com/securityhub/latest/userguide/sns-controls.html#sns-1,,,FALSE
SNS.2,Logging of delivery status should be enabled for notification messages sent to a topic,https://docs.aws.amazon.com/securityhub/latest/userguide/sns-controls.html#sns-2,,,FALSE
SQS.1,Amazon SQS queues should be encrypted at rest,https://docs.aws.amazon.com/securityhub/latest/userguide/sqs-controls.html#sqs-1,Y,Review all Amazon SQS queues and enable encryption at-rest if needed.,TRUE
SSM.1,EC2 instances should be managed by AWS Systems Manager,https://docs.aws.amazon.com/securityhub/latest/userguide/ssm-controls.html#ssm-1,,,FALSE
SSM.2,EC2 instances managed by Systems Manager should have a patch compliance status of COMPLIANT after a patch installation,https://docs.aws.amazon.com/securityhub/latest/userguide/ssm-controls.html#ssm-2,,,FALSE
SSM.3,EC2 instances managed by Systems Manager should have an association compliance status of COMPLIANT,https://docs.aws.amazon.com/securityhub/latest/userguide/ssm-controls.html#ssm-3,,,FALSE
SSM.4,SSM documents should not be public,https://docs.aws.amazon.com/securityhub/latest/userguide/ssm-controls.html#ssm-4,Y,Ensure that all SSM documents are not publicly accessible.,TRUE
WAF.1,AWS WAF Classic Global Web ACL logging should be enabled,https://docs.aws.amazon.com/securityhub/latest/userguide/waf-controls.html#waf-1,,,FALSE
WAF.2,A WAF Regional rule should have at least one condition,https://docs.aws.amazon.com/securityhub/latest/userguide/waf-controls.html#waf-2,,,FALSE
WAF.3,A WAF Regional rule group should have at least one rule,https://docs.aws.amazon.com/securityhub/latest/userguide/waf-controls.html#waf-3,,,FALSE
WAF.4,A WAF Regional web ACL should have at least one rule or rule group,https://docs.aws.amazon.com/securityhub/latest/userguide/waf-controls.html#waf-4,,,FALSE
WAF.6,A WAF global rule should have at least one condition,https://docs.aws.amazon.com/securityhub/latest/userguide/waf-controls.html#waf-6,,,FALSE
WAF.7,A WAF global rule group should have at least one rule,https://docs.aws.amazon.com/securityhub/latest/userguide/waf-controls.html#waf-7,,,FALSE
WAF.8,A WAF global web ACL should have at least one rule or rule group,https://docs.aws.amazon.com/securityhub/latest/userguide/waf-controls.html#waf-8,,,FALSE
WAF.10,A WAFv2 web ACL should have at least one rule or rule group,https://docs.aws.amazon.com/securityhub/latest/userguide/waf-controls.html#waf-10,,,FALSE
WAF.11,AWS WAFv2 web ACL logging should be activated,https://docs.aws.amazon.com/securityhub/latest/userguide/waf-controls.html#waf-11,,,FALSE